id,title,link
,,
1,Watch Andi Mack Season 2 - Episode 23,http://watch-series.cx/andi-mack-season-2/season/1/episode/23/
,,
2,Watch Andi Mack Season 2 - Episode 22,http://watch-series.cx/andi-mack-season-2/season/1/episode/22/
,,
3,Watch Andi Mack Season 2 - Episode 21,http://watch-series.cx/andi-mack-season-2/season/1/episode/21/
,,
4,Watch Andi Mack Season 2 - Episode 20,http://watch-series.cx/andi-mack-season-2/season/1/episode/20/
,,
5,Watch Andi Mack Season 2 - Episode 19,http://watch-series.cx/andi-mack-season-2/season/1/episode/19/
,,
6,Watch Andi Mack Season 2 - Episode 18,http://watch-series.cx/andi-mack-season-2/season/1/episode/18/
,,
7,Watch Andi Mack Season 2 - Episode 17,http://watch-series.cx/andi-mack-season-2/season/1/episode/17/
,,
8,Watch Andi Mack Season 2 - Episode 16,http://watch-series.cx/andi-mack-season-2/season/1/episode/16/
,,
9,Watch Andi Mack Season 2 - Episode 15,http://watch-series.cx/andi-mack-season-2/season/1/episode/15/
,,
10,Watch Andi Mack Season 2 - Episode 14,http://watch-series.cx/andi-mack-season-2/season/1/episode/14/
,,
11,Watch Andi Mack Season 2 - Episode 13,http://watch-series.cx/andi-mack-season-2/season/1/episode/13/
,,
12,Watch Andi Mack Season 2 - Episode 12,http://watch-series.cx/andi-mack-season-2/season/1/episode/12/
,,
13,Watch Andi Mack Season 2 - Episode 11,http://watch-series.cx/andi-mack-season-2/season/1/episode/11/
,,
14,Watch Andi Mack Season 2 - Episode 10,http://watch-series.cx/andi-mack-season-2/season/1/episode/10/
,,
15,Watch Andi Mack Season 2 - Episode 09,http://watch-series.cx/andi-mack-season-2/season/1/episode/09/
,,
16,Watch Andi Mack Season 2 - Episode 08,http://watch-series.cx/andi-mack-season-2/season/1/episode/08/
,,
17,Watch Andi Mack Season 2 - Episode 07,http://watch-series.cx/andi-mack-season-2/season/1/episode/07/
,,
18,Watch Andi Mack Season 2 - Episode 06,http://watch-series.cx/andi-mack-season-2/season/1/episode/06/
,,
19,Watch Andi Mack Season 2 - Episode 05 → The Snorpion,http://watch-series.cx/andi-mack-season-2/season/1/episode/05/
,,
20,Watch Andi Mack Season 2 - Episode 04 → Mama,http://watch-series.cx/andi-mack-season-2/season/1/episode/04/
,,
21,Watch Andi Mack Season 2 - Episode 03 → Friends Like These,http://watch-series.cx/andi-mack-season-2/season/1/episode/03/
,,
22,Watch Andi Mack Season 2 - Episode 02 → Chinese New Year,http://watch-series.cx/andi-mack-season-2/season/1/episode/02/
,,
23,Watch Andi Mack Season 2 - Episode 01 → Hey Who Wants Pizza,http://watch-series.cx/andi-mack-season-2/season/1/episode/01/
id,title,link
,,
1,Watch Who Is America? - Episode 04,http://watch-series.cx/who-is-america/season/1/episode/04/
,,
2,Watch Who Is America? - Episode 03,http://watch-series.cx/who-is-america/season/1/episode/03/
,,
3,Watch Who Is America? - Episode 02,http://watch-series.cx/who-is-america/season/1/episode/02/
,,
4,Watch Who Is America? - Episode 01,http://watch-series.cx/who-is-america/season/1/episode/01/
,,
id,title,link
,,
1,Watch Quantico Season 3 - Episode 13,http://watch-series.cx/quantico-season-3/season/1/episode/13/
,,
2,Watch Quantico Season 3 - Episode 12,http://watch-series.cx/quantico-season-3/season/1/episode/12/
,,
3,Watch Quantico Season 3 - Episode 11,http://watch-series.cx/quantico-season-3/season/1/episode/11/
,,
4,Watch Quantico Season 3 - Episode 10,http://watch-series.cx/quantico-season-3/season/1/episode/10/
,,
5,Watch Quantico Season 3 - Episode 09,http://watch-series.cx/quantico-season-3/season/1/episode/09/
,,
6,Watch Quantico Season 3 - Episode 08,http://watch-series.cx/quantico-season-3/season/1/episode/08/
,,
7,Watch Quantico Season 3 - Episode 07,http://watch-series.cx/quantico-season-3/season/1/episode/07/
,,
8,Watch Quantico Season 3 - Episode 06,http://watch-series.cx/quantico-season-3/season/1/episode/06/
,,
9,Watch Quantico Season 3 - Episode 05,http://watch-series.cx/quantico-season-3/season/1/episode/05/
,,
10,Watch Quantico Season 3 - Episode 04,http://watch-series.cx/quantico-season-3/season/1/episode/04/
,,
11,Watch Quantico Season 3 - Episode 03,http://watch-series.cx/quantico-season-3/season/1/episode/03/
,,
12,Watch Quantico Season 3 - Episode 02,http://watch-series.cx/quantico-season-3/season/1/episode/02/
,,
13,Watch Quantico Season 3 - Episode 01,http://watch-series.cx/quantico-season-3/season/1/episode/01/
,,
id,title,link
,,
1,Watch American Crime Story Season 1 - Episode 11,http://watch-series.cx/american-crime-story-season-1/season/1/episode/11/
,,
2,Watch American Crime Story Season 1 - Episode 10,http://watch-series.cx/american-crime-story-season-1/season/1/episode/10/
,,
3,Watch American Crime Story Season 1 - Episode 9,http://watch-series.cx/american-crime-story-season-1/season/1/episode/9/
,,
4,Watch American Crime Story Season 1 - Episode 8,http://watch-series.cx/american-crime-story-season-1/season/1/episode/8/
,,
5,Watch American Crime Story Season 1 - Episode 7,http://watch-series.cx/american-crime-story-season-1/season/1/episode/7/
,,
6,Watch American Crime Story Season 1 - Episode 6,http://watch-series.cx/american-crime-story-season-1/season/1/episode/6/
,,
7,Watch American Crime Story Season 1 - Episode 5,http://watch-series.cx/american-crime-story-season-1/season/1/episode/5/
,,
8,Watch American Crime Story Season 1 - Episode 4,http://watch-series.cx/american-crime-story-season-1/season/1/episode/4/
,,
9,Watch American Crime Story Season 1 - Episode 3,http://watch-series.cx/american-crime-story-season-1/season/1/episode/3/
,,
10,Watch American Crime Story Season 1 - Episode 2,http://watch-series.cx/american-crime-story-season-1/season/1/episode/2/
,,
11,Watch American Crime Story Season 1 - Episode 1,http://watch-series.cx/american-crime-story-season-1/season/1/episode/1/
id,title,link
1,Watch Unbreakable Machine-Doll - Episode 12,http://watch-series.cx/watch-full-episodes-english-dub-other-title-synopsis-more-infor-myanimelist-wikipedia-3/season/1/episode/12/
2,Watch Unbreakable Machine-Doll - Episode 11,http://watch-series.cx/watch-full-episodes-english-dub-other-title-synopsis-more-infor-myanimelist-wikipedia-3/season/1/episode/11/
3,Watch Unbreakable Machine-Doll - Episode 10,http://watch-series.cx/watch-full-episodes-english-dub-other-title-synopsis-more-infor-myanimelist-wikipedia-3/season/1/episode/10/
4,Watch Unbreakable Machine-Doll - Episode 09,http://watch-series.cx/watch-full-episodes-english-dub-other-title-synopsis-more-infor-myanimelist-wikipedia-3/season/1/episode/09/
5,Watch Unbreakable Machine-Doll - Episode 08,http://watch-series.cx/watch-full-episodes-english-dub-other-title-synopsis-more-infor-myanimelist-wikipedia-3/season/1/episode/08/
6,Watch Unbreakable Machine-Doll - Episode 07,http://watch-series.cx/watch-full-episodes-english-dub-other-title-synopsis-more-infor-myanimelist-wikipedia-3/season/1/episode/07/
7,Watch Unbreakable Machine-Doll - Episode 06,http://watch-series.cx/watch-full-episodes-english-dub-other-title-synopsis-more-infor-myanimelist-wikipedia-3/season/1/episode/06/
8,Watch Unbreakable Machine-Doll - Episode 05,http://watch-series.cx/watch-full-episodes-english-dub-other-title-synopsis-more-infor-myanimelist-wikipedia-3/season/1/episode/05/
9,Watch Unbreakable Machine-Doll - Episode 04,http://watch-series.cx/watch-full-episodes-english-dub-other-title-synopsis-more-infor-myanimelist-wikipedia-3/season/1/episode/04/
10,Watch Unbreakable Machine-Doll - Episode 03,http://watch-series.cx/watch-full-episodes-english-dub-other-title-synopsis-more-infor-myanimelist-wikipedia-3/season/1/episode/03/
11,Watch Unbreakable Machine-Doll - Episode 02,http://watch-series.cx/watch-full-episodes-english-dub-other-title-synopsis-more-infor-myanimelist-wikipedia-3/season/1/episode/02/
12,Watch Unbreakable Machine-Doll - Episode 01,http://watch-series.cx/watch-full-episodes-english-dub-other-title-synopsis-more-infor-myanimelist-wikipedia-3/season/1/episode/01/
id,title,link
1,Watch Gunsmith Cats - Episode 03,http://watch-series.cx/1951-2/season/1/episode/03/
2,Watch Gunsmith Cats - Episode 02,http://watch-series.cx/1951-2/season/1/episode/02/
3,Watch Gunsmith Cats - Episode 01,http://watch-series.cx/1951-2/season/1/episode/01/
id,title,link
1,Watch Game of Thrones - Episode 10,http://watch-series.cx/game-of-thrones/season/1/episode/10/
2,Watch Game of Thrones - Episode 9,http://watch-series.cx/game-of-thrones/season/1/episode/9/
3,Watch Game of Thrones - Episode 8,http://watch-series.cx/game-of-thrones/season/1/episode/8/
4,Watch Game of Thrones - Episode 7,http://watch-series.cx/game-of-thrones/season/1/episode/7/
5,Watch Game of Thrones - Episode 6,http://watch-series.cx/game-of-thrones/season/1/episode/6/
6,Watch Game of Thrones - Episode 5,http://watch-series.cx/game-of-thrones/season/1/episode/5/
7,Watch Game of Thrones - Episode 4,http://watch-series.cx/game-of-thrones/season/1/episode/4/
8,Watch Game of Thrones - Episode 3,http://watch-series.cx/game-of-thrones/season/1/episode/3/
9,Watch Game of Thrones - Episode 2,http://watch-series.cx/game-of-thrones/season/1/episode/2/
10,Watch Game of Thrones - Episode 1,http://watch-series.cx/game-of-thrones/season/1/episode/1/
11,Watch Game of Thrones - Episode 10,http://watch-series.cx/game-of-thrones/season/2/episode/10/
12,Watch Game of Thrones - Episode 9,http://watch-series.cx/game-of-thrones/season/2/episode/9/
13,Watch Game of Thrones - Episode 8,http://watch-series.cx/game-of-thrones/season/2/episode/8/
14,Watch Game of Thrones - Episode 7,http://watch-series.cx/game-of-thrones/season/2/episode/7/
15,Watch Game of Thrones - Episode 6,http://watch-series.cx/game-of-thrones/season/2/episode/6/
16,Watch Game of Thrones - Episode 5,http://watch-series.cx/game-of-thrones/season/2/episode/5/
17,Watch Game of Thrones - Episode 4,http://watch-series.cx/game-of-thrones/season/2/episode/4/
18,Watch Game of Thrones - Episode 3,http://watch-series.cx/game-of-thrones/season/2/episode/3/
19,Watch Game of Thrones - Episode 2,http://watch-series.cx/game-of-thrones/season/2/episode/2/
20,Watch Game of Thrones - Episode 1,http://watch-series.cx/game-of-thrones/season/2/episode/1/
21,Watch Game of Thrones - Episode 10,http://watch-series.cx/game-of-thrones/season/3/episode/10/
22,Watch Game of Thrones - Episode 9,http://watch-series.cx/game-of-thrones/season/3/episode/9/
23,Watch Game of Thrones - Episode 8,http://watch-series.cx/game-of-thrones/season/3/episode/8/
24,Watch Game of Thrones - Episode 7,http://watch-series.cx/game-of-thrones/season/3/episode/7/
25,Watch Game of Thrones - Episode 6,http://watch-series.cx/game-of-thrones/season/3/episode/6/
26,Watch Game of Thrones - Episode 5,http://watch-series.cx/game-of-thrones/season/3/episode/5/
27,Watch Game of Thrones - Episode 4,http://watch-series.cx/game-of-thrones/season/3/episode/4/
28,Watch Game of Thrones - Episode 3,http://watch-series.cx/game-of-thrones/season/3/episode/3/
29,Watch Game of Thrones - Episode 2,http://watch-series.cx/game-of-thrones/season/3/episode/2/
30,Watch Game of Thrones - Episode 1,http://watch-series.cx/game-of-thrones/season/3/episode/1/
31,Watch Game of Thrones - Episode 10,http://watch-series.cx/game-of-thrones/season/4/episode/10/
32,Watch Game of Thrones - Episode 9,http://watch-series.cx/game-of-thrones/season/4/episode/9/
33,Watch Game of Thrones - Episode 8,http://watch-series.cx/game-of-thrones/season/4/episode/8/
34,Watch Game of Thrones - Episode 7,http://watch-series.cx/game-of-thrones/season/4/episode/7/
35,Watch Game of Thrones - Episode 6,http://watch-series.cx/game-of-thrones/season/4/episode/6/
36,Watch Game of Thrones - Episode 5,http://watch-series.cx/game-of-thrones/season/4/episode/5/
37,Watch Game of Thrones - Episode 4,http://watch-series.cx/game-of-thrones/season/4/episode/4/
38,Watch Game of Thrones - Episode 3,http://watch-series.cx/game-of-thrones/season/4/episode/3/
39,Watch Game of Thrones - Episode 2,http://watch-series.cx/game-of-thrones/season/4/episode/2/
40,Watch Game of Thrones - Episode 1,http://watch-series.cx/game-of-thrones/season/4/episode/1/
41,Watch Game of Thrones - Episode 11,http://watch-series.cx/game-of-thrones/season/5/episode/11/
42,Watch Game of Thrones - Episode 10,http://watch-series.cx/game-of-thrones/season/5/episode/10/
43,Watch Game of Thrones - Episode 9,http://watch-series.cx/game-of-thrones/season/5/episode/9/
44,Watch Game of Thrones - Episode 8,http://watch-series.cx/game-of-thrones/season/5/episode/8/
45,Watch Game of Thrones - Episode 7,http://watch-series.cx/game-of-thrones/season/5/episode/7/
46,Watch Game of Thrones - Episode 6,http://watch-series.cx/game-of-thrones/season/5/episode/6/
47,Watch Game of Thrones - Episode 5,http://watch-series.cx/game-of-thrones/season/5/episode/5/
48,Watch Game of Thrones - Episode 4,http://watch-series.cx/game-of-thrones/season/5/episode/4/
49,Watch Game of Thrones - Episode 3,http://watch-series.cx/game-of-thrones/season/5/episode/3/
50,Watch Game of Thrones - Episode 2,http://watch-series.cx/game-of-thrones/season/5/episode/2/
51,Watch Game of Thrones - Episode 1,http://watch-series.cx/game-of-thrones/season/5/episode/1/
52,Watch Game of Thrones - Episode 10,http://watch-series.cx/game-of-thrones/season/6/episode/10/
53,Watch Game of Thrones - Episode 9,http://watch-series.cx/game-of-thrones/season/6/episode/9/
54,Watch Game of Thrones - Episode 8,http://watch-series.cx/game-of-thrones/season/6/episode/8/
55,Watch Game of Thrones - Episode 7,http://watch-series.cx/game-of-thrones/season/6/episode/7/
56,Watch Game of Thrones - Episode 6,http://watch-series.cx/game-of-thrones/season/6/episode/6/
57,Watch Game of Thrones - Episode 5,http://watch-series.cx/game-of-thrones/season/6/episode/5/
58,Watch Game of Thrones - Episode 4,http://watch-series.cx/game-of-thrones/season/6/episode/4/
59,Watch Game of Thrones - Episode 3,http://watch-series.cx/game-of-thrones/season/6/episode/3/
60,Watch Game of Thrones - Episode 2,http://watch-series.cx/game-of-thrones/season/6/episode/2/
61,Watch Game of Thrones - Episode 1,http://watch-series.cx/game-of-thrones/season/6/episode/1/
62,Watch Game of Thrones - Episode 7,http://watch-series.cx/game-of-thrones/season/7/episode/7/
63,Watch Game of Thrones - Episode 6,http://watch-series.cx/game-of-thrones/season/7/episode/6/
64,Watch Game of Thrones - Episode 5,http://watch-series.cx/game-of-thrones/season/7/episode/5/
65,Watch Game of Thrones - Episode 4,http://watch-series.cx/game-of-thrones/season/7/episode/4/
66,Watch Game of Thrones - Episode 3,http://watch-series.cx/game-of-thrones/season/7/episode/3/
67,Watch Game of Thrones - Episode 2,http://watch-series.cx/game-of-thrones/season/7/episode/2/
68,Watch Game of Thrones - Episode 1,http://watch-series.cx/game-of-thrones/season/7/episode/1/
id,title,link
1,Watch Game of Thrones - Episode 10,http://watch-series.cx/game-of-thrones/season/1/episode/10/
2,Watch Game of Thrones - Episode 9,http://watch-series.cx/game-of-thrones/season/1/episode/9/
3,Watch Game of Thrones - Episode 8,http://watch-series.cx/game-of-thrones/season/1/episode/8/
4,Watch Game of Thrones - Episode 7,http://watch-series.cx/game-of-thrones/season/1/episode/7/
5,Watch Game of Thrones - Episode 6,http://watch-series.cx/game-of-thrones/season/1/episode/6/
6,Watch Game of Thrones - Episode 5,http://watch-series.cx/game-of-thrones/season/1/episode/5/
7,Watch Game of Thrones - Episode 4,http://watch-series.cx/game-of-thrones/season/1/episode/4/
8,Watch Game of Thrones - Episode 3,http://watch-series.cx/game-of-thrones/season/1/episode/3/
9,Watch Game of Thrones - Episode 2,http://watch-series.cx/game-of-thrones/season/1/episode/2/
10,Watch Game of Thrones - Episode 1,http://watch-series.cx/game-of-thrones/season/1/episode/1/
11,Watch Game of Thrones - Episode 10,http://watch-series.cx/game-of-thrones/season/2/episode/10/
12,Watch Game of Thrones - Episode 9,http://watch-series.cx/game-of-thrones/season/2/episode/9/
13,Watch Game of Thrones - Episode 8,http://watch-series.cx/game-of-thrones/season/2/episode/8/
14,Watch Game of Thrones - Episode 7,http://watch-series.cx/game-of-thrones/season/2/episode/7/
15,Watch Game of Thrones - Episode 6,http://watch-series.cx/game-of-thrones/season/2/episode/6/
16,Watch Game of Thrones - Episode 5,http://watch-series.cx/game-of-thrones/season/2/episode/5/
17,Watch Game of Thrones - Episode 4,http://watch-series.cx/game-of-thrones/season/2/episode/4/
18,Watch Game of Thrones - Episode 3,http://watch-series.cx/game-of-thrones/season/2/episode/3/
19,Watch Game of Thrones - Episode 2,http://watch-series.cx/game-of-thrones/season/2/episode/2/
20,Watch Game of Thrones - Episode 1,http://watch-series.cx/game-of-thrones/season/2/episode/1/
21,Watch Game of Thrones - Episode 10,http://watch-series.cx/game-of-thrones/season/3/episode/10/
22,Watch Game of Thrones - Episode 9,http://watch-series.cx/game-of-thrones/season/3/episode/9/
23,Watch Game of Thrones - Episode 8,http://watch-series.cx/game-of-thrones/season/3/episode/8/
24,Watch Game of Thrones - Episode 7,http://watch-series.cx/game-of-thrones/season/3/episode/7/
25,Watch Game of Thrones - Episode 6,http://watch-series.cx/game-of-thrones/season/3/episode/6/
26,Watch Game of Thrones - Episode 5,http://watch-series.cx/game-of-thrones/season/3/episode/5/
27,Watch Game of Thrones - Episode 4,http://watch-series.cx/game-of-thrones/season/3/episode/4/
28,Watch Game of Thrones - Episode 3,http://watch-series.cx/game-of-thrones/season/3/episode/3/
29,Watch Game of Thrones - Episode 2,http://watch-series.cx/game-of-thrones/season/3/episode/2/
30,Watch Game of Thrones - Episode 1,http://watch-series.cx/game-of-thrones/season/3/episode/1/
31,Watch Game of Thrones - Episode 10,http://watch-series.cx/game-of-thrones/season/4/episode/10/
32,Watch Game of Thrones - Episode 9,http://watch-series.cx/game-of-thrones/season/4/episode/9/
33,Watch Game of Thrones - Episode 8,http://watch-series.cx/game-of-thrones/season/4/episode/8/
34,Watch Game of Thrones - Episode 7,http://watch-series.cx/game-of-thrones/season/4/episode/7/
35,Watch Game of Thrones - Episode 6,http://watch-series.cx/game-of-thrones/season/4/episode/6/
36,Watch Game of Thrones - Episode 5,http://watch-series.cx/game-of-thrones/season/4/episode/5/
37,Watch Game of Thrones - Episode 4,http://watch-series.cx/game-of-thrones/season/4/episode/4/
38,Watch Game of Thrones - Episode 3,http://watch-series.cx/game-of-thrones/season/4/episode/3/
39,Watch Game of Thrones - Episode 2,http://watch-series.cx/game-of-thrones/season/4/episode/2/
40,Watch Game of Thrones - Episode 1,http://watch-series.cx/game-of-thrones/season/4/episode/1/
41,Watch Game of Thrones - Episode 11,http://watch-series.cx/game-of-thrones/season/5/episode/11/
42,Watch Game of Thrones - Episode 10,http://watch-series.cx/game-of-thrones/season/5/episode/10/
43,Watch Game of Thrones - Episode 9,http://watch-series.cx/game-of-thrones/season/5/episode/9/
44,Watch Game of Thrones - Episode 8,http://watch-series.cx/game-of-thrones/season/5/episode/8/
45,Watch Game of Thrones - Episode 7,http://watch-series.cx/game-of-thrones/season/5/episode/7/
46,Watch Game of Thrones - Episode 6,http://watch-series.cx/game-of-thrones/season/5/episode/6/
47,Watch Game of Thrones - Episode 5,http://watch-series.cx/game-of-thrones/season/5/episode/5/
48,Watch Game of Thrones - Episode 4,http://watch-series.cx/game-of-thrones/season/5/episode/4/
49,Watch Game of Thrones - Episode 3,http://watch-series.cx/game-of-thrones/season/5/episode/3/
50,Watch Game of Thrones - Episode 2,http://watch-series.cx/game-of-thrones/season/5/episode/2/
51,Watch Game of Thrones - Episode 1,http://watch-series.cx/game-of-thrones/season/5/episode/1/
52,Watch Game of Thrones - Episode 10,http://watch-series.cx/game-of-thrones/season/6/episode/10/
53,Watch Game of Thrones - Episode 9,http://watch-series.cx/game-of-thrones/season/6/episode/9/
54,Watch Game of Thrones - Episode 8,http://watch-series.cx/game-of-thrones/season/6/episode/8/
55,Watch Game of Thrones - Episode 7,http://watch-series.cx/game-of-thrones/season/6/episode/7/
56,Watch Game of Thrones - Episode 6,http://watch-series.cx/game-of-thrones/season/6/episode/6/
57,Watch Game of Thrones - Episode 5,http://watch-series.cx/game-of-thrones/season/6/episode/5/
58,Watch Game of Thrones - Episode 4,http://watch-series.cx/game-of-thrones/season/6/episode/4/
59,Watch Game of Thrones - Episode 3,http://watch-series.cx/game-of-thrones/season/6/episode/3/
60,Watch Game of Thrones - Episode 2,http://watch-series.cx/game-of-thrones/season/6/episode/2/
61,Watch Game of Thrones - Episode 1,http://watch-series.cx/game-of-thrones/season/6/episode/1/
62,Watch Game of Thrones - Episode 7,http://watch-series.cx/game-of-thrones/season/7/episode/7/
63,Watch Game of Thrones - Episode 6,http://watch-series.cx/game-of-thrones/season/7/episode/6/
64,Watch Game of Thrones - Episode 5,http://watch-series.cx/game-of-thrones/season/7/episode/5/
65,Watch Game of Thrones - Episode 4,http://watch-series.cx/game-of-thrones/season/7/episode/4/
66,Watch Game of Thrones - Episode 3,http://watch-series.cx/game-of-thrones/season/7/episode/3/
67,Watch Game of Thrones - Episode 2,http://watch-series.cx/game-of-thrones/season/7/episode/2/
68,Watch Game of Thrones - Episode 1,http://watch-series.cx/game-of-thrones/season/7/episode/1/
